[
  {
    "id": 1,
    "user": "탄지로 님",
    "userImg": "https://00anuyh.github.io/SouvenirImg/user.png",
    "image": "https://00anuyh.github.io/SouvenirImg/banner2.png",
    "text": "독특하게 앞쪽에 절개 디자인이 들어가서 은은하게 돋보이는 것 같아요! 소재때문에 마냥 캐쥬얼해보이지 않고 격식있는 자리에서도 입을 수 있을 것 같습니다. 다만 먼지는 잘 붙고 또 잘 보이는 편이에요..!"
  },
  {
    "id": 2,
    "user": "사네미 님",
    "userImg": "https://00anuyh.github.io/SouvenirImg/user.png",
    "image": "https://00anuyh.github.io/SouvenirImg/banner2.png",
    "text": "독특하게 앞쪽에 절개 디자인이 들어가서 은은하게 돋보이는 것 같아요! 소재때문에 마냥 캐쥬얼해보이지 않고 격식있는 자리에서도 입을 수 있을 것 같습니다. 다만 먼지는 잘 붙고 또 잘 보이는 편이에요..!"
  },
  {
    "id": 3,
    "user": "텐겐 님",
    "userImg": "https://00anuyh.github.io/SouvenirImg/user.png",
    "image": "https://00anuyh.github.io/SouvenirImg/banner2.png",
    "text": "독특하게 앞쪽에 절개 디자인이 들어가서 은은하게 돋보이는 것 같아요! 소재때문에 마냥 캐쥬얼해보이지 않고 격식있는 자리에서도 입을 수 있을 것 같습니다. 다만 먼지는 잘 붙고 또 잘 보이는 편이에요..!"
  },
  {
    "id": 4,
    "user": "이구로 님",
    "userImg": "https://00anuyh.github.io/SouvenirImg/user.png",
    "image": "https://00anuyh.github.io/SouvenirImg/banner2.png",
    "text": "독특하게 앞쪽에 절개 디자인이 들어가서 은은하게 돋보이는 것 같아요! 소재때문에 마냥 캐쥬얼해보이지 않고 격식있는 자리에서도 입을 수 있을 것 같습니다. 다만 먼지는 잘 붙고 또 잘 보이는 편이에요..!"
  },
  {
    "id": 5,
    "user": "시노부 님",
    "userImg": "https://00anuyh.github.io/SouvenirImg/user.png",
    "image": "https://00anuyh.github.io/SouvenirImg/banner2.png",
    "text": "독특하게 앞쪽에 절개 디자인이 들어가서 은은하게 돋보이는 것 같아요! 소재때문에 마냥 캐쥬얼해보이지 않고 격식있는 자리에서도 입을 수 있을 것 같습니다. 다만 먼지는 잘 붙고 또 잘 보이는 편이에요..!"
  }
]
