{
  "product": {
    "brand": "수브니르",
    "name": "감성 목마 원목 말 흔들 목마 우드 오브제",
    "price": "95,000원",
    "details": [
      { "label": "Size", "value": "W84 × D15 × H118" },
      { "label": "Material", "value": "Full-grain Italian Cowhide" },
      { "label": "Origin", "value": "Made in Korea" }
    ]
  },
  "tabs": ["상품이미지", "배송안내", "교환/환불안내", "판매자정보", "리뷰"],
  "gallery": [
    "/img/Detail_sec2img1.png",
    "/img/Detail_sec2img2.png",
    "/img/Detail_sec2img3.png",
    "/img/Detail_sec2img4.png"
  ],
  "shipping": [
    ["배송", "일반택배"],
    ["배송비", "3,000원"],
    ["도서산간 추가 배송비", "5,000원"],
    ["배송불가 지역", "배송불가 지역이 없습니다."]
  ],
  "refund": [
    ["반품배송비", "3,000원 (최초 배송비 무료의 경우 6,000원)"],
    ["교환배송비", "6,000원"],
    ["반품보낼 곳", "경기도 안산시 …"]
  ],
  "refundGuides": {
    "period": [
      "단순 변심: 수령 후 7일 이내 (미개봉/미사용)",
      "표시/광고 상이, 제품 하자: 수령 후 3개월 이내 또는 인지한 날부터 30일 이내",
      "기한 경과 시 불가 (전자상거래법 기준)"
    ],
    "notAllowed": [
      "요청기간 경과",
      "고객 귀책 훼손/분실(포장 훼손 포함)",
      "설치/사용으로 가치 하락",
      "시간 경과로 재판매 곤란",
      "복제 가능한 상품의 포장 훼손",
      "사전 고지된 불가 상품"
    ]
  },
  "seller": [
    ["상호", "수브니르"],
    ["대표자", "전유정"],
    ["고객센터", "031-000-0000"],
    ["E-mail", "hyuna0641@naver.com"],
    ["사업자 등록번호", "455-34-62234"],
    ["사업장소재지", "경기도 … ?"],
    ["", "지도가져오기"]
  ],
  "reviews": [
    {
      "name": "팅커벨 님",
      "stars": "★★★☆☆",
      "score": "2/5",
      "thumb": "/img/sec2img1.jpg",
      "excerpt": "독특하게 앞쪽에 절개 디자… 미니 북쉘프에 올려 전시했는데 자체에서도 앉을 수 있을 것 같습니다. 다만 먼지는 잘 붙고 또 잘 닦이는 편이에요…"
    },
    {
      "name": "윙가르디움님",
      "stars": "★★☆☆☆",
      "score": "2/5",
      "thumb": "/img/sec2img1.jpg",
      "excerpt": "소재 특성상 마감이 매끈하지는 않지만 빈티지 감성에는 잘 맞아요. 장식용으로 가볍게 두기 좋아요."
    }
  ]
}